<?xml version="1.0" encoding="UTF-8"?>
<project-private xmlns="http://www.netbeans.org/ns/project-private/1">
    <editor-bookmarks xmlns="http://www.netbeans.org/ns/editor-bookmarks/2" lastBookmarkId="0"/>
    <open-files xmlns="http://www.netbeans.org/ns/projectui-open-files/2">
        <group>
            <file>file:/C:/Users/BESTCULLING/Desktop/Project/src/GUI/Import.java</file>
            <file>file:/C:/Users/BESTCULLING/Desktop/Project/src/GUI/Login.java</file>
            <file>file:/C:/Users/BESTCULLING/Desktop/Project/src/GUI/Export.java</file>
            <file>file:/C:/Users/BESTCULLING/Desktop/Project/src/GUI/Connect.java</file>
            <file>file:/C:/Users/BESTCULLING/Desktop/Project/src/GUI/ภเгคк%20ค๓๏.jpg</file>
            <file>file:/C:/Users/BESTCULLING/Desktop/Project/src/GUI/Admin.java</file>
            <file>file:/C:/Users/BESTCULLING/Desktop/Project/src/GUI/ภเгคк%20ค๓๏%20(1).jpg</file>
        </group>
    </open-files>
</project-private>
